{"cameraMode":{"drawMode":0,"name":"Shaded","section":"Shading Mode"},"sceneLighting":false,"audioPlay":false,"sceneViewState":{"showFog":true,"showMaterialUpdate":false,"showSkybox":false,"showFlares":true,"showImageEffects":true,"showParticleSystems":true},"in2DMode":false,"pivot":{"x":6.174917697906494,"y":15.064004898071289,"z":-7.543580055236816},"rotation":{"x":-0.03752639517188072,"y":-0.5894708037376404,"z":0.027430657297372819,"w":-0.8064512610435486},"size":9.138666152954102,"orthographic":true}