{"cameraMode":{"drawMode":0,"name":"Shaded","section":"Shading Mode"},"sceneLighting":false,"audioPlay":false,"sceneViewState":{"showFog":true,"showMaterialUpdate":false,"showSkybox":false,"showFlares":true,"showImageEffects":true,"showParticleSystems":true},"in2DMode":false,"pivot":{"x":0.06604045629501343,"y":-0.012465596199035645,"z":0.027776598930358888},"rotation":{"x":0.05312282592058182,"y":-0.360690712928772,"z":-0.020577142015099527,"w":-0.93094402551651},"size":4.023262977600098,"orthographic":true}