{"cameraMode":{"drawMode":0,"name":"Shaded","section":"Shading Mode"},"sceneLighting":false,"audioPlay":false,"sceneViewState":{"showFog":true,"showMaterialUpdate":false,"showSkybox":false,"showFlares":true,"showImageEffects":true,"showParticleSystems":true},"in2DMode":false,"pivot":{"x":-3.0150146484375,"y":1.88311767578125,"z":-0.15625},"rotation":{"x":-0.02906545251607895,"y":0.24716009199619294,"z":-0.007412457372993231,"w":-0.9685103297233582},"size":9.751903533935547,"orthographic":true}