{"cameraMode":{"drawMode":0,"name":"Shaded","section":"Shading Mode"},"sceneLighting":false,"audioPlay":false,"sceneViewState":{"showFog":true,"showMaterialUpdate":false,"showSkybox":false,"showFlares":true,"showImageEffects":true,"showParticleSystems":true},"in2DMode":false,"pivot":{"x":17.049571990966798,"y":1.9574565887451172,"z":0.02312469482421875},"rotation":{"x":0.022467346861958505,"y":0.05182633921504021,"z":0.001171056879684329,"w":-0.9984026551246643},"size":32.132545471191409,"orthographic":true}