{"cameraMode":{"drawMode":0,"name":"Shaded","section":"Shading Mode"},"sceneLighting":false,"audioPlay":false,"sceneViewState":{"showFog":true,"showMaterialUpdate":false,"showSkybox":false,"showFlares":true,"showImageEffects":true,"showParticleSystems":true},"in2DMode":false,"pivot":{"x":0.0,"y":-1.2839937210083008,"z":3.7182555198669435},"rotation":{"x":-0.035989511758089069,"y":-0.01262874249368906,"z":0.00045962160220369697,"w":-0.9992722868919373},"size":19.04234504699707,"orthographic":true}