{"cameraMode":{"drawMode":0,"name":"Shaded","section":"Shading Mode"},"sceneLighting":false,"audioPlay":false,"sceneViewState":{"showFog":true,"showMaterialUpdate":false,"showSkybox":false,"showFlares":true,"showImageEffects":true,"showParticleSystems":true},"in2DMode":false,"pivot":{"x":2.479949951171875,"y":0.94927978515625,"z":0.544921875},"rotation":{"x":0.04646323248744011,"y":0.02906627766788006,"z":-0.0013563386164605618,"w":0.9984961152076721},"size":2.4750001430511476,"orthographic":true}