{"cameraMode":{"drawMode":0,"name":"Shaded","section":"Shading Mode"},"sceneLighting":false,"audioPlay":false,"sceneViewState":{"showFog":true,"showMaterialUpdate":false,"showSkybox":false,"showFlares":true,"showImageEffects":true,"showParticleSystems":true},"in2DMode":false,"pivot":{"x":0.14159488677978517,"y":0.1759490966796875,"z":0.16597986221313477},"rotation":{"x":-0.071867436170578,"y":0.04423382505774498,"z":-0.003185698762536049,"w":-0.9964278340339661},"size":20.5195255279541,"orthographic":true}