{"cameraMode":{"drawMode":0,"name":"Shaded","section":"Shading Mode"},"sceneLighting":false,"audioPlay":false,"sceneViewState":{"showFog":true,"showMaterialUpdate":false,"showSkybox":false,"showFlares":true,"showImageEffects":true,"showParticleSystems":true},"in2DMode":false,"pivot":{"x":8.670000076293946,"y":6.729999542236328,"z":-2.384185791015625e-7},"rotation":{"x":0.21667511761188508,"y":0.36077067255973818,"z":-0.08657203614711762,"w":0.9029960036277771},"size":3.4976143836975099,"orthographic":true}