{"cameraMode":{"drawMode":0,"name":"Shaded","section":"Shading Mode"},"sceneLighting":true,"audioPlay":false,"sceneViewState":{"showFog":true,"showMaterialUpdate":true,"showSkybox":true,"showFlares":true,"showImageEffects":true,"showParticleSystems":true},"in2DMode":false,"pivot":{"x":0.27837133407592776,"y":2.521775245666504,"z":-2.453000068664551},"rotation":{"x":-0.0725993663072586,"y":-0.3620893359184265,"z":0.028300894424319269,"w":-0.9288808703422546},"size":4.540829181671143,"orthographic":true}