{"cameraMode":{"drawMode":0,"name":"Shaded","section":"Shading Mode"},"sceneLighting":false,"audioPlay":false,"sceneViewState":{"showFog":true,"showMaterialUpdate":false,"showSkybox":false,"showFlares":true,"showImageEffects":true,"showParticleSystems":true},"in2DMode":false,"pivot":{"x":0.4635080099105835,"y":0.030096232891082765,"z":-0.024820685386657716},"rotation":{"x":-0.02906545251607895,"y":0.24716009199619294,"z":-0.007412457372993231,"w":-0.9685103297233582},"size":5.837437152862549,"orthographic":true}