{"cameraMode":{"drawMode":0,"name":"Shaded","section":"Shading Mode"},"sceneLighting":false,"audioPlay":false,"sceneViewState":{"showFog":true,"showMaterialUpdate":false,"showSkybox":false,"showFlares":true,"showImageEffects":true,"showParticleSystems":true},"in2DMode":false,"pivot":{"x":0.0,"y":1.4285087585449219,"z":-2.384185791015625e-7},"rotation":{"x":0.11609787493944168,"y":-0.10349723696708679,"z":0.01216193474829197,"w":0.9877558946609497},"size":11.844958305358887,"orthographic":true}