{"cameraMode":{"drawMode":0,"name":"Shaded","section":"Shading Mode"},"sceneLighting":false,"audioPlay":false,"sceneViewState":{"showFog":true,"showMaterialUpdate":false,"showSkybox":false,"showFlares":true,"showImageEffects":true,"showParticleSystems":true},"in2DMode":false,"pivot":{"x":-2.9802322387695315e-8,"y":0.6610576510429382,"z":0.2223203182220459},"rotation":{"x":-0.14487873017787934,"y":-0.03827501833438873,"z":0.0056092808954417709,"w":-0.9886929988861084},"size":99.76887512207031,"orthographic":true}