{"cameraMode":{"drawMode":0,"name":"Shaded","section":"Shading Mode"},"sceneLighting":false,"audioPlay":false,"sceneViewState":{"showFog":true,"showMaterialUpdate":false,"showSkybox":false,"showFlares":true,"showImageEffects":true,"showParticleSystems":true},"in2DMode":false,"pivot":{"x":0.0,"y":0.144497811794281,"z":0.25002044439315798},"rotation":{"x":-0.008160400204360485,"y":0.9880864024162293,"z":0.056381706148386,"w":0.14296813309192658},"size":0.9529508948326111,"orthographic":true}