{"cameraMode":{"drawMode":0,"name":"Shaded","section":"Shading Mode"},"sceneLighting":false,"audioPlay":false,"sceneViewState":{"showFog":true,"showMaterialUpdate":false,"showSkybox":false,"showFlares":true,"showImageEffects":true,"showParticleSystems":true},"in2DMode":false,"pivot":{"x":1.3706507682800294,"y":1.3823139667510987,"z":-0.6800000667572022},"rotation":{"x":-0.001486729714088142,"y":0.13192115724086762,"z":-0.00019691395573318005,"w":-0.9912590980529785},"size":4.362610816955566,"orthographic":true}