{"cameraMode":{"drawMode":0,"name":"Shaded","section":"Shading Mode"},"sceneLighting":false,"audioPlay":false,"sceneViewState":{"showFog":true,"showMaterialUpdate":false,"showSkybox":false,"showFlares":true,"showImageEffects":true,"showParticleSystems":true},"in2DMode":false,"pivot":{"x":1.5,"y":1.090000033378601,"z":-0.6800000667572022},"rotation":{"x":0.02399742417037487,"y":0.005100036505609751,"z":-0.00012501541641540825,"w":0.9996989965438843},"size":4.055355072021484,"orthographic":true}