{"cameraMode":{"drawMode":0,"name":"Shaded","section":"Shading Mode"},"sceneLighting":false,"audioPlay":false,"sceneViewState":{"showFog":true,"showMaterialUpdate":false,"showSkybox":false,"showFlares":true,"showImageEffects":true,"showParticleSystems":true},"in2DMode":false,"pivot":{"x":-0.001068115234375,"y":0.00009918212890625,"z":0.000244140625},"rotation":{"x":-0.02906545251607895,"y":0.24716009199619294,"z":-0.007412457372993231,"w":-0.9685103297233582},"size":0.00045396655332297087,"orthographic":true}