{"cameraMode":{"drawMode":0,"name":"Shaded","section":"Shading Mode"},"sceneLighting":false,"audioPlay":false,"sceneViewState":{"showFog":true,"showMaterialUpdate":false,"showSkybox":false,"showFlares":true,"showImageEffects":true,"showParticleSystems":true},"in2DMode":false,"pivot":{"x":6.049290657043457,"y":15.064043998718262,"z":-7.645981311798096},"rotation":{"x":-0.07189174741506577,"y":-0.03559335321187973,"z":0.002567942487075925,"w":-0.9967738389968872},"size":38.988319396972659,"orthographic":true}