{"cameraMode":{"drawMode":0,"name":"Shaded","section":"Shading Mode"},"sceneLighting":false,"audioPlay":false,"sceneViewState":{"showFog":true,"showMaterialUpdate":false,"showSkybox":false,"showFlares":true,"showImageEffects":true,"showParticleSystems":true},"in2DMode":false,"pivot":{"x":-0.24627685546875,"y":-0.09485626220703125,"z":-0.060546875},"rotation":{"x":-0.02906545251607895,"y":0.24716009199619294,"z":-0.007412457372993231,"w":-0.9685103297233582},"size":2.060222864151001,"orthographic":true}