{"cameraMode":{"drawMode":0,"name":"Shaded","section":"Shading Mode"},"sceneLighting":false,"audioPlay":false,"sceneViewState":{"showFog":true,"showMaterialUpdate":false,"showSkybox":false,"showFlares":true,"showImageEffects":true,"showParticleSystems":true},"in2DMode":false,"pivot":{"x":16.53028106689453,"y":2.3221001625061037,"z":2.400954246520996},"rotation":{"x":0.04612816125154495,"y":0.12315435707569123,"z":-0.005732371471822262,"w":0.9912983775138855},"size":17.097808837890626,"orthographic":true}