{"cameraMode":{"drawMode":0,"name":"Shaded","section":"Shading Mode"},"sceneLighting":false,"audioPlay":false,"sceneViewState":{"showFog":true,"showMaterialUpdate":false,"showSkybox":false,"showFlares":true,"showImageEffects":true,"showParticleSystems":true},"in2DMode":false,"pivot":{"x":-0.0000012218952178955079,"y":0.033149950206279758,"z":0.0},"rotation":{"x":0.016187135130167009,"y":0.1934739351272583,"z":-0.003197865327820182,"w":0.9809666275978088},"size":0.6644057035446167,"orthographic":true}