{"cameraMode":{"drawMode":0,"name":"Shaded","section":"Shading Mode"},"sceneLighting":false,"audioPlay":false,"sceneViewState":{"showFog":true,"showMaterialUpdate":false,"showSkybox":false,"showFlares":true,"showImageEffects":true,"showParticleSystems":true},"in2DMode":false,"pivot":{"x":5.95849609375,"y":-1.11181640625,"z":0.29296875},"rotation":{"x":-0.019495651125907899,"y":-0.016451727598905565,"z":-0.00032798139727674425,"w":0.9996745586395264},"size":30.52817153930664,"orthographic":true}