{"cameraMode":{"drawMode":0,"name":"Shaded","section":"Shading Mode"},"sceneLighting":false,"audioPlay":false,"sceneViewState":{"showFog":true,"showMaterialUpdate":false,"showSkybox":false,"showFlares":true,"showImageEffects":true,"showParticleSystems":true},"in2DMode":false,"pivot":{"x":6.747894287109375,"y":3.4264822006225588,"z":-0.27413687109947207},"rotation":{"x":0.09414901584386826,"y":-0.8343691229820252,"z":0.15053755044937135,"w":0.5218261480331421},"size":1.4441375732421876,"orthographic":true}