{"cameraMode":{"drawMode":0,"name":"Shaded","section":"Shading Mode"},"sceneLighting":false,"audioPlay":false,"sceneViewState":{"showFog":true,"showMaterialUpdate":false,"showSkybox":false,"showFlares":true,"showImageEffects":true,"showParticleSystems":true},"in2DMode":false,"pivot":{"x":1.080698013305664,"y":3.137448787689209,"z":11.939456939697266},"rotation":{"x":-0.035989511758089069,"y":-0.01262874249368906,"z":0.00045962160220369697,"w":-0.9992722868919373},"size":39.64271926879883,"orthographic":true}