{"cameraMode":{"drawMode":0,"name":"Shaded","section":"Shading Mode"},"sceneLighting":false,"audioPlay":false,"sceneViewState":{"showFog":true,"showMaterialUpdate":false,"showSkybox":false,"showFlares":true,"showImageEffects":true,"showParticleSystems":true},"in2DMode":false,"pivot":{"x":-0.6718006134033203,"y":-0.9811077117919922,"z":0.5487136840820313},"rotation":{"x":-0.071867436170578,"y":0.04423382505774498,"z":-0.003185698762536049,"w":-0.9964278340339661},"size":98.45258331298828,"orthographic":true}