{"cameraMode":{"drawMode":0,"name":"Shaded","section":"Shading Mode"},"sceneLighting":false,"audioPlay":false,"sceneViewState":{"showFog":true,"showMaterialUpdate":false,"showSkybox":false,"showFlares":true,"showImageEffects":true,"showParticleSystems":true},"in2DMode":false,"pivot":{"x":0.11146444082260132,"y":0.005369365215301514,"z":0.07472541928291321},"rotation":{"x":0.004476511385291815,"y":-0.10245616734027863,"z":-0.0004561955574899912,"w":-0.994727373123169},"size":5.409687042236328,"orthographic":true}