{"cameraMode":{"drawMode":0,"name":"Shaded","section":"Shading Mode"},"sceneLighting":false,"audioPlay":false,"sceneViewState":{"showFog":true,"showMaterialUpdate":false,"showSkybox":false,"showFlares":true,"showImageEffects":true,"showParticleSystems":true},"in2DMode":false,"pivot":{"x":-0.000010371208190917969,"y":0.4785175323486328,"z":-0.637946605682373},"rotation":{"x":-0.0341186486184597,"y":0.7420739531517029,"z":0.037877004593610767,"w":0.6683768033981323},"size":5.774605751037598,"orthographic":true}