{"cameraMode":{"drawMode":0,"name":"Shaded","section":"Shading Mode"},"sceneLighting":false,"audioPlay":false,"sceneViewState":{"showFog":true,"showMaterialUpdate":false,"showSkybox":false,"showFlares":true,"showImageEffects":true,"showParticleSystems":true},"in2DMode":false,"pivot":{"x":-2.369999885559082,"y":2.759999990463257,"z":0.0},"rotation":{"x":0.052004002034664157,"y":-0.704139769077301,"z":0.051846496760845187,"w":0.7062540054321289},"size":5.387451648712158,"orthographic":true}