{"cameraMode":{"drawMode":0,"name":"Shaded","section":"Shading Mode"},"sceneLighting":false,"audioPlay":false,"sceneViewState":{"showFog":true,"showMaterialUpdate":false,"showSkybox":false,"showFlares":true,"showImageEffects":true,"showParticleSystems":true},"in2DMode":false,"pivot":{"x":-7.579999923706055,"y":1.1790000200271607,"z":0.0},"rotation":{"x":0.02240498922765255,"y":-0.7025026082992554,"z":0.022134311497211458,"w":0.7109839916229248},"size":13.761116027832032,"orthographic":true}