{"cameraMode":{"drawMode":0,"name":"Shaded","section":"Shading Mode"},"sceneLighting":false,"audioPlay":false,"sceneViewState":{"showFog":true,"showMaterialUpdate":false,"showSkybox":false,"showFlares":true,"showImageEffects":true,"showParticleSystems":true},"in2DMode":false,"pivot":{"x":-8.0,"y":2.061803102493286,"z":-2.384185791015625e-7},"rotation":{"x":-0.02814488299190998,"y":-0.15619462728500367,"z":-0.0044568367302417759,"w":0.9873151779174805},"size":7.413580417633057,"orthographic":true}