{"cameraMode":{"drawMode":0,"name":"Shaded","section":"Shading Mode"},"sceneLighting":false,"audioPlay":false,"sceneViewState":{"showFog":true,"showMaterialUpdate":false,"showSkybox":false,"showFlares":true,"showImageEffects":true,"showParticleSystems":true},"in2DMode":false,"pivot":{"x":0.09257793426513672,"y":1.7226998805999756,"z":0.14153480529785157},"rotation":{"x":0.14420580863952638,"y":-0.2594042420387268,"z":0.039198264479637149,"w":0.9541371464729309},"size":18.3983154296875,"orthographic":true}