{"cameraMode":{"drawMode":0,"name":"Shaded","section":"Shading Mode"},"sceneLighting":false,"audioPlay":false,"sceneViewState":{"showFog":true,"showMaterialUpdate":false,"showSkybox":false,"showFlares":true,"showImageEffects":true,"showParticleSystems":true},"in2DMode":false,"pivot":{"x":6.049290657043457,"y":15.064043998718262,"z":-7.645981311798096},"rotation":{"x":0.002595642115920782,"y":0.9973984956741333,"z":-0.052411530166864398,"w":0.04942207783460617},"size":40.80921936035156,"orthographic":true}