{"cameraMode":{"drawMode":0,"name":"Shaded","section":"Shading Mode"},"sceneLighting":false,"audioPlay":false,"sceneViewState":{"showFog":true,"showMaterialUpdate":false,"showSkybox":false,"showFlares":true,"showImageEffects":true,"showParticleSystems":true},"in2DMode":false,"pivot":{"x":8.669997215270996,"y":6.829513072967529,"z":0.0},"rotation":{"x":0.2617292106151581,"y":0.06854885816574097,"z":-0.018644150346517564,"w":0.9625234603881836},"size":1.9932481050491334,"orthographic":true}