{"cameraMode":{"drawMode":0,"name":"Shaded","section":"Shading Mode"},"sceneLighting":false,"audioPlay":false,"sceneViewState":{"showFog":true,"showMaterialUpdate":false,"showSkybox":false,"showFlares":true,"showImageEffects":true,"showParticleSystems":true},"in2DMode":false,"pivot":{"x":-0.008651375770568848,"y":1.1682641506195069,"z":0.07388615608215332},"rotation":{"x":-0.02906545251607895,"y":0.24716009199619294,"z":-0.007412457372993231,"w":-0.9685103297233582},"size":5.419091701507568,"orthographic":true}