{"cameraMode":{"drawMode":0,"name":"Shaded","section":"Shading Mode"},"sceneLighting":false,"audioPlay":false,"sceneViewState":{"showFog":true,"showMaterialUpdate":false,"showSkybox":false,"showFlares":true,"showImageEffects":true,"showParticleSystems":true},"in2DMode":false,"pivot":{"x":8.670001983642579,"y":6.882296562194824,"z":-0.0000025033950805664064},"rotation":{"x":0.18634626269340516,"y":-0.024462899193167688,"z":0.004637053702026606,"w":0.9821686744689941},"size":2.03305721282959,"orthographic":true}