{"cameraMode":{"drawMode":0,"name":"Shaded","section":"Shading Mode"},"sceneLighting":false,"audioPlay":false,"sceneViewState":{"showFog":true,"showMaterialUpdate":false,"showSkybox":false,"showFlares":true,"showImageEffects":true,"showParticleSystems":true},"in2DMode":false,"pivot":{"x":0.2541370987892151,"y":0.5174782276153565,"z":-0.04578707367181778},"rotation":{"x":-0.04105032980442047,"y":0.9364732503890991,"z":-0.11719745397567749,"w":-0.3280206620693207},"size":12.369980812072754,"orthographic":true}