{"cameraMode":{"drawMode":0,"name":"Shaded","section":"Shading Mode"},"sceneLighting":false,"audioPlay":false,"sceneViewState":{"showFog":true,"showMaterialUpdate":false,"showSkybox":false,"showFlares":true,"showImageEffects":true,"showParticleSystems":true},"in2DMode":false,"pivot":{"x":0.0,"y":0.7093444466590881,"z":-0.07293033599853516},"rotation":{"x":0.12714852392673493,"y":-0.009818418882787228,"z":0.0012561382027342916,"w":0.991834282875061},"size":9.627589225769043,"orthographic":true}