{"cameraMode":{"drawMode":0,"name":"Shaded","section":"Shading Mode"},"sceneLighting":false,"audioPlay":false,"sceneViewState":{"showFog":true,"showMaterialUpdate":false,"showSkybox":false,"showFlares":true,"showImageEffects":true,"showParticleSystems":true},"in2DMode":false,"pivot":{"x":-1.792722225189209,"y":1.5121098756790162,"z":-0.126953125},"rotation":{"x":0.023995034396648408,"y":0.014995102770626545,"z":-0.00035994453355669975,"w":0.9995995759963989},"size":10.768132209777832,"orthographic":true}