{"cameraMode":{"drawMode":0,"name":"Shaded","section":"Shading Mode"},"sceneLighting":false,"audioPlay":false,"sceneViewState":{"showFog":true,"showMaterialUpdate":false,"showSkybox":false,"showFlares":true,"showImageEffects":true,"showParticleSystems":true},"in2DMode":false,"pivot":{"x":-3.560546875,"y":3.434326171875,"z":1.1103515625},"rotation":{"x":-0.04947122186422348,"y":0.018021713942289354,"z":0.000885592948179692,"w":0.9986125826835632},"size":9.172479629516602,"orthographic":true}