{"cameraMode":{"drawMode":0,"name":"Shaded","section":"Shading Mode"},"sceneLighting":false,"audioPlay":false,"sceneViewState":{"showFog":true,"showMaterialUpdate":false,"showSkybox":false,"showFlares":true,"showImageEffects":true,"showParticleSystems":true},"in2DMode":false,"pivot":{"x":0.651123046875,"y":0.3896484375,"z":-0.33740234375},"rotation":{"x":0.15946955978870393,"y":-0.06451386213302612,"z":0.01043493952602148,"w":0.9850373268127441},"size":3.97269868850708,"orthographic":true}