{"cameraMode":{"drawMode":0,"name":"Shaded","section":"Shading Mode"},"sceneLighting":false,"audioPlay":false,"sceneViewState":{"showFog":true,"showMaterialUpdate":false,"showSkybox":false,"showFlares":true,"showImageEffects":true,"showParticleSystems":true},"in2DMode":false,"pivot":{"x":-0.12028765678405762,"y":0.12224698066711426,"z":0.036211609840393069},"rotation":{"x":-0.03396314010024071,"y":0.3309565484523773,"z":0.011912696994841099,"w":0.9429594278335571},"size":6.254629135131836,"orthographic":true}