{"cameraMode":{"drawMode":0,"name":"Shaded","section":"Shading Mode"},"sceneLighting":false,"audioPlay":false,"sceneViewState":{"showFog":true,"showMaterialUpdate":false,"showSkybox":false,"showFlares":true,"showImageEffects":true,"showParticleSystems":true},"in2DMode":false,"pivot":{"x":6.877577781677246,"y":1.0660429000854493,"z":-0.3044135570526123},"rotation":{"x":-0.014864267781376839,"y":-0.13372038304805757,"z":0.0020107270684093239,"w":-0.9909056425094605},"size":31.318944931030275,"orthographic":true}