{"cameraMode":{"drawMode":0,"name":"Shaded","section":"Shading Mode"},"sceneLighting":false,"audioPlay":false,"sceneViewState":{"showFog":true,"showMaterialUpdate":true,"showSkybox":true,"showFlares":true,"showImageEffects":true,"showParticleSystems":true},"in2DMode":false,"pivot":{"x":0.0,"y":0.8548913598060608,"z":0.07062673568725586},"rotation":{"x":-0.03598179295659065,"y":0.7269721031188965,"z":-0.038198091089725497,"w":-0.6846588850021362},"size":8.435924530029297,"orthographic":true}