{"cameraMode":{"drawMode":0,"name":"Shaded","section":"Shading Mode"},"sceneLighting":false,"audioPlay":false,"sceneViewState":{"showFog":true,"showMaterialUpdate":false,"showSkybox":false,"showFlares":true,"showImageEffects":true,"showParticleSystems":true},"in2DMode":false,"pivot":{"x":8.614072799682618,"y":6.674233436584473,"z":0.033027566969394687},"rotation":{"x":-0.11272834986448288,"y":0.4162260890007019,"z":-0.05208457261323929,"w":-0.9007415771484375},"size":2.249530076980591,"orthographic":true}