{"cameraMode":{"drawMode":0,"name":"Shaded","section":"Shading Mode"},"sceneLighting":false,"audioPlay":false,"sceneViewState":{"showFog":true,"showMaterialUpdate":false,"showSkybox":false,"showFlares":true,"showImageEffects":true,"showParticleSystems":true},"in2DMode":false,"pivot":{"x":-4.948530673980713,"y":-0.8686857223510742,"z":0.29122257232666018},"rotation":{"x":0.00299140065908432,"y":0.07646893709897995,"z":-0.00023642965243197978,"w":0.9970674514770508},"size":10.969108581542969,"orthographic":true}