{"cameraMode":{"drawMode":0,"name":"Shaded","section":"Shading Mode"},"sceneLighting":false,"audioPlay":false,"sceneViewState":{"showFog":true,"showMaterialUpdate":false,"showSkybox":false,"showFlares":true,"showImageEffects":true,"showParticleSystems":true},"in2DMode":false,"pivot":{"x":4.206443786621094,"y":-8.00749397277832,"z":-0.04238128662109375},"rotation":{"x":0.004456274211406708,"y":-0.1396774798631668,"z":-0.0006237126071937382,"w":-0.9901868104934692},"size":185.81910705566407,"orthographic":true}