{"cameraMode":{"drawMode":0,"name":"Shaded","section":"Shading Mode"},"sceneLighting":false,"audioPlay":false,"sceneViewState":{"showFog":true,"showMaterialUpdate":true,"showSkybox":true,"showFlares":true,"showImageEffects":true,"showParticleSystems":true},"in2DMode":false,"pivot":{"x":-6.202392578125,"y":0.37255859375,"z":1.154296875},"rotation":{"x":0.1173286885023117,"y":0.12187276035547257,"z":-0.014517383649945259,"w":0.9854797124862671},"size":9.47530746459961,"orthographic":true}